nombre,usuario,correo,contrasena
Usuario1,user001,user001@mail.com,123456
Usuario2,user002,user002@mail.com,123456
Usuario3,user003,user003@mail.com,123456
Usuario4,user004,user004@mail.com,123456
Usuario5,user005,user005@mail.com,123456
Usuario6,user006,user006@mail.com,123456
Usuario7,user007,user007@mail.com,123456
Usuario8,user008,user008@mail.com,123456
Usuario9,user009,user009@mail.com,123456
Usuario10,user010,user010@mail.com,123456
Usuario11,user011,user011@mail.com,123456
Usuario12,user012,user012@mail.com,123456
Usuario13,user013,user013@mail.com,123456
Usuario14,user014,user014@mail.com,123456
Usuario15,user015,user015@mail.com,123456
Usuario16,user016,user016@mail.com,123456
Usuario17,user017,user017@mail.com,123456
Usuario18,user018,user018@mail.com,123456
Usuario19,user019,user019@mail.com,123456
Usuario20,user020,user020@mail.com,123456
Usuario21,user021,user021@mail.com,123456
Usuario22,user022,user022@mail.com,123456
Usuario23,user023,user023@mail.com,123456
Usuario24,user024,user024@mail.com,123456
Usuario25,user025,user025@mail.com,123456
Usuario26,user026,user026@mail.com,123456
Usuario27,user027,user027@mail.com,123456
Usuario28,user028,user028@mail.com,123456
Usuario29,user029,user029@mail.com,123456
Usuario30,user030,user030@mail.com,123456
Usuario31,user031,user031@mail.com,123456
Usuario32,user032,user032@mail.com,123456
Usuario33,user033,user033@mail.com,123456
Usuario34,user034,user034@mail.com,123456
Usuario35,user035,user035@mail.com,123456
Usuario36,user036,user036@mail.com,123456
Usuario37,user037,user037@mail.com,123456
Usuario38,user038,user038@mail.com,123456
Usuario39,user039,user039@mail.com,123456
Usuario40,user040,user040@mail.com,123456
Usuario41,user041,user041@mail.com,123456
Usuario42,user042,user042@mail.com,123456
Usuario43,user043,user043@mail.com,123456
Usuario44,user044,user044@mail.com,123456
Usuario45,user045,user045@mail.com,123456
Usuario46,user046,user046@mail.com,123456
Usuario47,user047,user047@mail.com,123456
Usuario48,user048,user048@mail.com,123456
Usuario49,user049,user049@mail.com,123456
Usuario50,user050,user050@mail.com,123456
Usuario51,user051,user051@mail.com,123456
Usuario52,user052,user052@mail.com,123456
Usuario53,user053,user053@mail.com,123456
Usuario54,user054,user054@mail.com,123456
Usuario55,user055,user055@mail.com,123456
Usuario56,user056,user056@mail.com,123456
Usuario57,user057,user057@mail.com,123456
Usuario58,user058,user058@mail.com,123456
Usuario59,user059,user059@mail.com,123456
Usuario60,user060,user060@mail.com,123456
Usuario61,user061,user061@mail.com,123456
Usuario62,user062,user062@mail.com,123456
Usuario63,user063,user063@mail.com,123456
Usuario64,user064,user064@mail.com,123456
Usuario65,user065,user065@mail.com,123456
Usuario66,user066,user066@mail.com,123456
Usuario67,user067,user067@mail.com,123456
Usuario68,user068,user068@mail.com,123456
Usuario69,user069,user069@mail.com,123456
Usuario70,user070,user070@mail.com,123456
Usuario71,user071,user071@mail.com,123456
Usuario72,user072,user072@mail.com,123456
Usuario73,user073,user073@mail.com,123456
Usuario74,user074,user074@mail.com,123456
Usuario75,user075,user075@mail.com,123456
Usuario76,user076,user076@mail.com,123456
Usuario77,user077,user077@mail.com,123456
Usuario78,user078,user078@mail.com,123456
Usuario79,user079,user079@mail.com,123456
Usuario80,user080,user080@mail.com,123456
Usuario81,user081,user081@mail.com,123456
Usuario82,user082,user082@mail.com,123456
Usuario83,user083,user083@mail.com,123456
Usuario84,user084,user084@mail.com,123456
Usuario85,user085,user085@mail.com,123456
Usuario86,user086,user086@mail.com,123456
Usuario87,user087,user087@mail.com,123456
Usuario88,user088,user088@mail.com,123456
Usuario89,user089,user089@mail.com,123456
Usuario90,user090,user090@mail.com,123456
Usuario91,user091,user091@mail.com,123456
Usuario92,user092,user092@mail.com,123456
Usuario93,user093,user093@mail.com,123456
Usuario94,user094,user094@mail.com,123456
Usuario95,user095,user095@mail.com,123456
Usuario96,user096,user096@mail.com,123456
Usuario97,user097,user097@mail.com,123456
Usuario98,user098,user098@mail.com,123456
Usuario99,user099,user099@mail.com,123456
Usuario100,user100,user100@mail.com,123456
